{"iteration": 47500, "zetas": [175.8481496321307, 56.97223094825183, 27.827887406722006, 2.723511228296517, 80.57246239938567, -369.14915110973516]}