{"iteration": 48500, "zetas": [202.4141864388264, 63.10535319992605, 63.9957171817092, 3.4293144249621683, 17.234365911545595, -594.0577207881795]}