{"iteration": 45500, "zetas": [77.66901942130268, 48.25395595978646, 27.22982642765617, 2.5040994247999664, 96.9761600661078, -243.49249199354196]}