{"iteration": 48000, "zetas": [76.4275668991991, 44.55943276105413, 34.33013849603279, 2.0892312347655237, 31.110465594887167, -254.5285071889602]}