{"iteration": 42000, "zetas": [184.64900057346955, 49.10172989909942, 40.20326592372396, 2.574473134579778, 18.754882890430906, -301.87138612818273]}