{"iteration": 41500, "zetas": [140.16130926963135, 63.49959654611565, 28.557899338988722, 2.2572397865552674, 102.32783020674819, -312.1756087141983]}