{"iteration": 49000, "zetas": [74.59962170188379, 54.95422288038677, 41.91342719904535, 2.6070318042739182, 54.0731873049005, -328.28692479693717]}