{"iteration": 44000, "zetas": [78.76499149741899, 42.338170119660845, 25.831828790446664, 2.1642627366991225, 78.56525322881194, -235.12500298690176]}