{"iteration": 43500, "zetas": [108.13477841499271, 61.388523837238004, 45.224447319453546, 2.535797580300288, 77.82210381946916, -411.1720286678254]}