{"iteration": 49500, "zetas": [66.57794761141255, 50.87306078139962, 30.75823753268495, 2.916498328878328, 52.09468132071835, -237.3709479129684]}