{"iteration": 43000, "zetas": [99.43253667119286, 42.33911658505962, 34.649303283586114, 2.069022038816131, 46.99465290996798, -265.7812061195019]}