{"iteration": 50000, "zetas": [136.57155098309266, 65.92748785108665, 58.40960146064304, 2.1202820240974987, 55.85516661655964, -346.49629167036204]}