{"iteration": 44500, "zetas": [87.7504121887001, 59.72085441182651, 49.18086392160487, 3.216393800059818, 87.64697551145929, -403.227491617836]}