{"iteration": 45000, "zetas": [80.12481419031816, 45.64245498290032, 26.20241611319411, 2.7627388226637573, 85.91422003120078, -235.66565190795157]}