{"iteration": 40500, "zetas": [61.876485619430206, 66.72826238876014, 28.540813202265582, 4.293067747468776, 91.31303146744467, -243.39952011159755]}