{"iteration": 46500, "zetas": [169.25832125452598, 35.67433991189123, 22.61942189811889, 1.6487436226551744, 66.25902118829192, -178.528521540891]}