{"iteration": 41000, "zetas": [183.75689283656584, 40.136552244503, 25.031913395220126, 2.058296643528076, 38.326714910181366, -253.9318896615418]}