{"iteration": 47000, "zetas": [85.87427480766696, 41.531270608403645, 37.33397836526154, 2.5237420109214863, 14.469560334997144, -194.60967423472226]}