{"iteration": 46000, "zetas": [154.62132625909678, 43.751542826814365, 36.09951167078626, 2.516973827934421, 25.500736747099563, -319.08500042544233]}