{"iteration": 42500, "zetas": [42.10345026437084, 88.6608685793743, 31.26013684155124, 3.655638499000639, 181.2194791309616, -461.42624300881823]}